0	0.0	47.0	38.0	0.0	16.0	-9.0	-38.0	-54.0
1	0.0	46.58333333333333	38.58333333333333	0.0	30.58333333333333	-11.416666666666671	-43.41666666666667	-60.91666666666667
2	0.0	51.783333333333346	25.783333333333346	0.0	31.083333333333357	-7.216666666666654	-40.216666666666654	-61.216666666666654
3	0.0	55.383333333333326	23.383333333333326	0.0	29.083333333333314	-5.616666666666674	-39.616666666666674	-62.616666666666674
4	0.0	59.66666666666667	26.66666666666667	0.0	27.66666666666667	-10.333333333333329	-40.33333333333333	-63.33333333333333
5	0.0	70.33333333333333	-2.6666666666666714	0.0	33.33333333333333	-8.666666666666671	-34.66666666666667	-57.66666666666667
6	0.0	64.03333333333335	40.033333333333346	0.0	25.833333333333357	-19.966666666666654	-41.966666666666654	-67.96666666666665
7	0.0	65.23333333333333	36.233333333333334	0.0	24.83333333333333	-18.766666666666666	-37.766666666666666	-69.76666666666667
8	0.0	67.60000000000001	34.60000000000001	0.0	26.000000000000014	-15.399999999999991	-43.39999999999999	-69.39999999999999
9	0.0	74.63333333333333	-9.366666666666674	0.0	35.833333333333314	-9.366666666666674	-31.366666666666674	-60.366666666666674
10	0.0	73.66666666666667	-9.333333333333329	0.0	37.66666666666667	-11.333333333333329	-31.33333333333333	-59.33333333333333
11	0.0	61.033333333333346	-6.966666666666654	0.0	39.33333333333336	-8.966666666666654	-27.966666666666654	-56.466666666666654
12	0.0	65.08333333333333	-6.916666666666671	0.0	36.58333333333333	-7.916666666666671	-28.91666666666667	-57.91666666666667
13	0.0	58.116666666666674	-4.883333333333326	0.0	35.916666666666686	-4.883333333333326	-26.883333333333326	-57.383333333333326
14	0.0	56.466666666666654	-3.5333333333333456	0.0	35.466666666666654	-5.533333333333346	-26.333333333333343	-56.533333333333346
15	0.0	33.58333333333333	1.5833333333333286	0.0	45.58333333333333	-3.4166666666666714	-22.91666666666667	-54.41666666666667
16	0.0	41.716666666666654	1.7166666666666544	0.0	44.716666666666654	-6.283333333333346	-24.583333333333343	-57.283333333333346
17	0.0	60.68333333333334	-0.3166666666666629	0.0	41.68333333333334	-11.316666666666663	-28.416666666666657	-62.31666666666666
18	0.0	57.633333333333326	1.6333333333333258	0.0	40.633333333333326	-10.366666666666674	-27.16666666666667	-62.366666666666674
19	0.0	59.93333333333334	2.933333333333337	0.0	37.93333333333334	-11.066666666666663	-27.666666666666657	-62.06666666666666
20	0.0	0.0	16.679999999999993	0.0	47.67999999999999	0.6799999999999926	-15.720000000000013	-49.32000000000001
21	0.0	0.0	17.81999999999998	0.0	47.11999999999999	0.6199999999999761	-16.380000000000024	-49.18000000000002
22	0.0	0.0	18.179999999999993	0.0	46.67999999999999	0.6799999999999926	-16.720000000000013	-48.82000000000001
23	0.0	16.38333333333334	16.38333333333334	0.0	43.18333333333335	-2.316666666666663	-20.316666666666663	-53.31666666666666
24	0.0	16.83333333333333	17.83333333333333	0.0	42.83333333333333	-2.1666666666666714	-20.66666666666667	-54.66666666666667
25	0.0	25.266666666666694	18.266666666666694	0.0	38.266666666666694	-2.9333333333333087	-21.93333333333331	-56.93333333333331
26	0.0	23.89999999999999	19.89999999999999	0.0	35.89999999999999	-1.5000000000000142	-21.10000000000001	-57.10000000000001
27	0.0	31.283333333333346	22.283333333333346	0.0	33.283333333333346	-0.4166666666666572	-29.716666666666654	-56.716666666666654
28	0.0	20.85000000000001	24.85000000000001	0.0	34.35000000000001	0.9500000000000028	-24.849999999999994	-56.14999999999999
29	0.0	14.566666666666663	26.566666666666663	0.0	34.56666666666666	1.4666666666666686	-20.733333333333334	-56.43333333333334
30	0.0	0.0	29.179999999999993	0.0	36.67999999999999	3.779999999999987	-14.820000000000007	-54.82000000000001
31	0.0	0.0	28.0	0.0	34.0	-7.0	0.0	-55.0
32	0.0	10.599999999999994	25.599999999999994	0.0	29.599999999999994	-9.400000000000006	0.0	-56.400000000000006
33	0.0	10.283333333333346	20.283333333333346	0.0	20.583333333333357	-14.716666666666654	24.283333333333346	-60.716666666666654
34	0.0	19.049999999999983	19.049999999999983	0.0	16.74999999999997	-14.950000000000017	20.049999999999983	-59.95000000000002
35	0.0	22.283333333333346	22.283333333333346	0.0	16.283333333333346	-18.716666666666654	19.283333333333346	-61.41666666666666
36	0.0	36.20000000000002	18.200000000000017	0.0	11.000000000000028	-29.799999999999983	34.70000000000002	-70.29999999999998
37	0.0	41.28333333333333	15.283333333333331	0.0	6.783333333333331	-36.71666666666667	51.28333333333333	-77.91666666666667
38	0.0	53.28333333333333	18.28333333333333	0.0	9.583333333333343	-30.71666666666667	28.28333333333333	-78.71666666666667
39	0.0	57.16666666666666	22.166666666666657	0.0	12.166666666666657	-24.833333333333343	5.166666666666657	-71.83333333333334
40	0.0	41.58333333333334	27.583333333333343	0.0	15.083333333333343	-23.416666666666657	2.583333333333343	-63.41666666666666
41	0.0	27.833333333333343	28.833333333333343	0.0	13.833333333333343	-26.166666666666657	14.833333333333343	-59.16666666666666
42	0.0	41.41666666666666	23.416666666666657	0.0	6.916666666666657	-32.58333333333334	21.416666666666657	-60.58333333333334
43	0.0	42.33333333333334	25.333333333333343	0.0	6.333333333333343	-29.666666666666657	14.333333333333343	-58.66666666666666
44	0.0	41.08333333333334	28.083333333333343	0.0	4.583333333333343	-25.916666666666657	8.083333333333343	-55.91666666666666
45	0.0	39.58333333333334	29.583333333333343	0.0	1.5833333333333428	-27.416666666666657	11.083333333333343	-54.41666666666666
46	0.0	37.41666666666666	30.416666666666657	0.0	-1.0833333333333428	-28.583333333333343	14.416666666666657	-52.58333333333334
47	0.0	42.41666666666666	31.416666666666657	0.0	-4.583333333333343	-30.583333333333343	12.916666666666657	-51.58333333333334
48	0.0	42.900000000000006	32.900000000000006	0.0	-5.5	-32.099999999999994	11.900000000000006	-50.099999999999994
49	0.0	43.29999999999998	34.29999999999998	0.0	-6.500000000000028	-32.70000000000002	10.299999999999983	-48.70000000000002
50	0.0	40.349999999999994	35.349999999999994	0.0	-6.849999999999994	-32.650000000000006	9.349999999999994	-45.55000000000001
51	0.0	40.96666666666667	35.96666666666667	0.0	-8.633333333333326	-34.03333333333333	9.466666666666669	-43.733333333333334
52	0.0	35.133333333333354	36.133333333333354	0.0	-8.866666666666646	-33.06666666666665	11.133333333333354	-40.46666666666664
53	0.0	28.299999999999983	35.29999999999998	0.0	-11.100000000000023	-34.20000000000002	20.799999999999983	-39.10000000000002
54	0.0	25.299999999999983	35.29999999999998	0.0	-14.500000000000028	-36.40000000000002	29.299999999999983	-39.000000000000014
55	0.0	31.71666666666667	41.71666666666667	0.0	-16.48333333333332	-37.28333333333333	17.71666666666667	-37.383333333333326
56	0.0	34.30000000000001	39.30000000000001	0.0	-15.299999999999983	-34.89999999999999	9.300000000000011	-32.69999999999999
57	0.0	36.23333333333332	41.23333333333332	0.0	-15.76666666666668	-34.166666666666686	4.23333333333332	-31.76666666666668
58	0.0	30.683333333333337	44.68333333333334	0.0	-14.716666666666669	-32.016666666666666	0.6833333333333371	-29.316666666666663
59	0.0	34.28333333333333	44.28333333333333	0.0	-17.51666666666668	-33.616666666666674	3.2833333333333314	-30.71666666666667
60	0.0	30.549999999999983	44.54999999999998	0.0	-18.650000000000006	-33.55000000000001	7.549999999999983	-30.450000000000017
61	0.0	26.666666666666657	46.66666666666666	0.0	-18.933333333333337	-32.73333333333335	7.666666666666657	-29.333333333333343
62	0.0	26.933333333333337	47.93333333333334	0.0	-20.066666666666663	-32.66666666666666	6.933333333333337	-29.066666666666663
63	0.0	28.383333333333326	47.383333333333326	0.0	-21.01666666666668	-32.51666666666668	6.383333333333326	-28.616666666666674
64	0.0	27.21666666666667	47.21666666666667	0.0	-21.583333333333343	-31.883333333333326	6.216666666666669	-27.183333333333337
65	0.0	27.066666666666663	50.06666666666666	0.0	-23.13333333333334	-32.233333333333334	5.066666666666663	-26.833333333333343
66	0.0	24.400000000000006	53.400000000000006	0.0	-24.099999999999994	-32.19999999999999	4.400000000000006	-25.89999999999999
67	0.0	22.900000000000006	54.900000000000006	0.0	-25.0	-31.89999999999999	3.9000000000000057	-24.799999999999997
68	0.0	20.75	55.75	0.0	-25.549999999999997	-31.349999999999994	3.75	-23.349999999999994
69	16.94285714285712	15.942857142857122	52.94285714285712	0.0	-31.75714285714288	-36.357142857142875	9.942857142857122	-27.657142857142873
70	12.371428571428567	16.371428571428567	53.37142857142857	0.0	-34.72857142857143	-38.12857142857143	19.371428571428567	-28.628571428571433
71	11.414285714285683	22.414285714285683	53.41428571428568	0.0	-34.08571428571432	-36.385714285714315	10.414285714285683	-27.18571428571431
72	13.142857142857139	20.14285714285714	52.14285714285714	0.0	-31.757142857142867	-32.85714285714286	3.142857142857139	-23.957142857142856
73	14.185714285714283	22.185714285714283	36.18571428571428	0.0	-30.114285714285714	-30.114285714285714	9.185714285714283	-21.514285714285705
74	10.071428571428584	19.071428571428584	51.071428571428584	0.0	-33.62857142857142	-32.428571428571416	10.071428571428584	-24.228571428571428
75	9.707142857142856	19.707142857142856	52.707142857142856	0.0	-32.39285714285714	-29.992857142857147	2.4571428571428555	-22.19285714285715
76	11.200000000000017	23.200000000000017	46.20000000000002	0.0	-30.299999999999983	-26.799999999999983	-4.299999999999983	-19.19999999999999
77	13.549999999999983	9.549999999999983	52.54999999999998	0.0	-27.350000000000023	-22.65000000000002	-10.200000000000017	-15.450000000000017
78	15.771428571428544	-4.228571428571456	59.771428571428544	0.0	-24.528571428571453	-18.628571428571462	-16.228571428571456	-11.928571428571445
79	5.475000000000023	-26.524999999999977	53.47500000000002	43.47500000000002	-34.22499999999998	-27.224999999999966	6.475000000000023	-20.924999999999983
80	-9.987500000000011	-28.98750000000001	41.01249999999999	47.01249999999999	-36.087500000000006	-27.887500000000017	37.01249999999999	-22.087500000000006
81	-8.924999999999983	-34.92499999999998	53.07500000000002	51.07500000000002	-36.42499999999998	-27.12499999999997	25.075000000000017	-21.82499999999999
82	-9.012500000000017	-30.012500000000017	59.98749999999998	54.98749999999998	-37.91250000000002	-27.412500000000023	11.987499999999983	-22.61250000000001
83	-10.349999999999994	-30.349999999999994	54.650000000000006	57.650000000000006	-39.64999999999999	-27.94999999999999	19.650000000000006	-23.650000000000006
84	-10.675000000000011	-35.67500000000001	52.32499999999999	61.32499999999999	-41.375000000000014	-28.575000000000017	27.32499999999999	-24.67500000000001
85	-12.837500000000006	-43.837500000000006	44.162499999999994	62.162499999999994	-44.9375	-30.9375	54.162499999999994	-27.9375
86	-13.987499999999983	-56.98749999999998	34.01250000000002	65.01250000000002	-47.48749999999998	-32.38749999999999	82.01250000000002	-30.18749999999997
87	-17.88749999999999	8.112500000000011	30.11250000000001	64.11250000000001	-52.787499999999994	-36.48749999999998	40.11250000000001	-35.287499999999994
88	-3.4250000000000114	20.57499999999999	44.57499999999999	5.574999999999989	-39.72500000000001	-22.225000000000023	16.57499999999999	-21.92500000000001
89	-4.824999999999989	15.175000000000011	47.17500000000001	12.175000000000011	-41.52499999999999	-22.924999999999983	18.17500000000001	-23.424999999999983
90	-1.112499999999983	16.887500000000017	41.88750000000002	1.887500000000017	-40.21249999999998	-20.412499999999994	22.887500000000017	-21.81249999999997
91	-2.375	16.625	40.625	-2.375	-39.875	-18.974999999999994	27.625	-21.275000000000006
92	-7.787499999999994	12.212500000000006	58.212500000000006	3.2125000000000057	-44.6875	-22.587500000000006	27.212500000000006	-25.787499999999994
93	-8.875	12.125	62.125	8.125	-45.175	-21.875	20.125	-26.57499999999999
94	-9.449999999999989	13.550000000000011	61.55000000000001	17.55000000000001	-46.14999999999999	-21.75	12.550000000000011	-27.849999999999994
95	-7.475000000000023	12.524999999999977	60.52499999999998	15.524999999999977	-43.57500000000002	-17.975000000000023	6.024999999999977	-25.575000000000017
96	-8.362499999999983	10.637500000000017	62.63750000000002	25.637500000000017	-43.86249999999998	-17.06249999999997	-3.362499999999983	-26.26249999999999
97	-7.0	15.0	46.0	23.0	-41.900000000000006	-14.0	3.5	-24.599999999999994
98	-6.775000000000006	16.224999999999994	56.224999999999994	2.2249999999999943	-41.075	-11.974999999999994	9.224999999999994	-24.075000000000017
99	-7.287499999999994	16.712500000000006	52.712500000000006	4.712500000000006	-40.9875	-10.787499999999994	9.212500000000006	-24.287499999999994
100	-7.362500000000011	17.63749999999999	50.63749999999999	0.6374999999999886	-40.462500000000006	-9.0625	9.637499999999989	-21.662500000000023
101	-6.049999999999983	18.950000000000017	52.95000000000002	2.950000000000017	-38.54999999999998	-5.949999999999989	-6.549999999999983	-17.74999999999997
102	-4.875	20.125	56.125	5.125	-36.675	-3.0749999999999886	-22.875	-13.875
103	-6.475000000000023	17.524999999999977	57.52499999999998	8.524999999999977	-38.675000000000026	-3.8750000000000284	-18.975000000000023	-15.575000000000017
104	-7.550000000000011	16.44999999999999	59.44999999999999	3.4499999999999886	-39.150000000000006	-3.25	-13.550000000000011	-15.850000000000023
105	-7.524999999999977	17.475000000000023	63.47500000000002	-5.524999999999977	-38.52499999999998	-1.424999999999983	-13.024999999999977	-14.924999999999983
106	-5.237500000000011	-2.2375000000000114	64.76249999999999	-2.2375000000000114	-35.63750000000002	2.6624999999999943	-10.237500000000011	-11.837500000000006
107	-2.575000000000017	-14.575000000000017	66.42499999999998	-8.575000000000017	-32.375000000000014	7.024999999999977	-7.075000000000017	-8.275000000000006
108	-2.9124999999999943	-14.912499999999994	64.0875	-3.9124999999999943	-33.1125	7.487500000000011	-7.912499999999994	-8.8125
109	-4.142857142857139	0.0	64.85714285714286	-0.1428571428571388	-34.74285714285713	6.9571428571428555	-22.64285714285714	-10.142857142857139
110	-3.9000000000000057	0.0	67.1	10.099999999999994	-34.900000000000006	8.0	-35.900000000000006	-10.5
111	-5.099999999999994	0.0	71.9	-7.099999999999994	-36.5	7.599999999999994	-18.599999999999994	-12.199999999999989
112	-7.700000000000017	0.0	63.29999999999998	-7.700000000000017	-38.500000000000014	6.699999999999989	-1.700000000000017	-14.400000000000006
113	6.662499999999994	-64.3375	72.6625	-1.3375000000000057	-24.53750000000001	21.862499999999983	-10.337500000000006	-0.637500000000017
114	0.2142857142857224	0.0	64.21428571428572	-1.7857142857142776	-31.385714285714272	16.214285714285722	-39.78571428571428	-7.685714285714283
115	-2.757142857142867	0.0	60.24285714285713	2.242857142857133	-34.75714285714287	13.942857142857122	-27.757142857142867	-11.157142857142873
116	-9.137499999999989	25.86250000000001	52.86250000000001	4.862500000000011	-42.537499999999994	7.362500000000011	-20.13749999999999	-19.13749999999999
117	-6.525000000000006	27.474999999999994	54.474999999999994	12.474999999999994	-40.325	10.674999999999983	-41.525000000000006	-16.724999999999994
118	-0.36250000000001137	31.63749999999999	59.63749999999999	21.63749999999999	-34.562500000000014	-7.762500000000017	-59.36250000000001	-10.862500000000011
119	5.787499999999994	41.787499999999994	64.7875	32.787499999999994	-28.8125	-26.212500000000006	-85.2125	-4.912499999999994
120	9.087500000000006	45.087500000000006	66.0875	40.087500000000006	-26.912499999999994	-15.612499999999997	-114.9125	-2.9124999999999943
121	13.787499999999994	49.787499999999994	69.7875	-18.212500000000006	-22.212500000000006	-2.512500000000003	-89.2125	-1.2125000000000057
122	10.375	48.375	65.375	-21.625	-25.625	2.375	-71.625	-7.625
123	8.837500000000006	46.837500000000006	63.837500000000006	-22.162499999999994	-26.162499999999994	10.137500000000017	-70.1625	-11.162499999999994
124	7.662499999999994	43.662499999999994	61.662499999999994	-18.337500000000006	-27.337500000000006	17.362499999999983	-69.3375	-15.337500000000006
125	6.75	40.75	59.75	-14.25	-28.25	24.75	-70.25	-19.25
126	4.775000000000006	40.775000000000006	71.775	-11.224999999999994	-30.224999999999994	23.275000000000006	-72.225	-26.924999999999997
127	0.8874999999999886	31.88749999999999	70.88749999999999	20.88749999999999	-32.41250000000001	20.88749999999999	-77.61250000000001	-35.41250000000001
128	2.75	30.75	68.75	22.75	-29.950000000000003	22.44999999999999	-78.25	-39.25
129	2.0749999999999886	30.07499999999999	68.07499999999999	22.07499999999999	-29.92500000000001	21.474999999999994	-78.92500000000001	-34.92500000000001
130	4.987500000000011	33.98750000000001	70.98750000000001	-5.512499999999989	-25.51249999999999	24.087500000000006	-76.01249999999999	-27.01249999999999
131	7.137499999999989	37.13749999999999	73.13749999999999	-32.86250000000001	-20.86250000000001	27.037499999999994	-71.86250000000001	-18.86250000000001
132	8.487500000000011	40.48750000000001	74.48750000000001	-34.51249999999999	-19.01249999999999	28.087500000000006	-69.51249999999999	-28.51249999999999
133	10.0	26.5	75.0	-29.0	-17.0	29.30000000000001	-67.0	-27.799999999999997
134	24.387500000000003	14.387500000000003	78.3875	-45.6125	-15.112499999999997	32.3875	-63.6125	-25.21249999999999
135	31.337500000000006	31.337500000000006	77.3375	-49.662499999999994	-20.662499999999994	28.037499999999994	-67.6625	-30.0625
136	39.75	19.75	76.75	-48.25	-19.950000000000003	29.150000000000006	-67.75	-29.450000000000003
137	42.02499999999998	16.024999999999977	84.02499999999998	-47.97500000000002	-21.27500000000002	28.12499999999997	-69.97500000000002	-30.975000000000023
138	44.82499999999999	15.824999999999989	89.82499999999999	-48.17500000000001	-23.17500000000001	26.724999999999994	-71.17500000000001	-34.67500000000001
139	52.1125	20.112499999999997	58.1125	-42.8875	-18.387500000000003	30.71249999999999	-66.8875	-32.8875
140	54.212500000000006	19.212500000000006	75.2125	-46.787499999999994	-19.787499999999994	28.512500000000017	-70.7875	-39.787499999999994
141	43.625	23.625	66.625	-42.375	-12.375	31.625	-69.375	-41.375
142	31.787499999999994	25.787499999999994	56.787499999999994	-40.212500000000006	-11.212500000000006	33.98749999999998	-52.712500000000006	-44.212500000000006
143	17.012500000000003	26.012500000000003	60.0125	-41.4875	-12.987499999999997	33.41250000000001	-38.9875	-42.9875
144	20.299999999999997	28.299999999999997	62.3	-40.7	-11.700000000000003	34.89999999999999	-53.7	-39.7
145	26.337500000000006	37.337500000000006	46.337500000000006	-39.162499999999994	-10.662499999999994	40.13750000000002	-64.6625	-35.662499999999994
146	28.375	37.375	50.375	-42.625	-11.625	40.375	-65.625	-36.625
147	29.6875	37.6875	54.6875	-43.1125	-12.3125	40.98750000000001	-66.3125	-41.3125
148	33.36250000000001	35.36250000000001	45.36250000000001	-42.23749999999998	-10.637499999999989	43.0625	-59.63749999999999	-44.63749999999999
149	35.75	37.75	35.75	-41.55	-10.950000000000003	44.75	-53.25	-48.25
150	48.13749999999999	-21.86250000000001	45.13749999999999	-31.962500000000006	-2.1625000000000085	54.4375	-48.86250000000001	-42.86250000000001
151	42.175	37.175	36.175	-39.72500000000001	-10.825000000000003	46.675	-61.825	-49.825
152	42.98750000000001	37.98750000000001	42.98750000000001	-41.71249999999999	-13.012499999999989	44.78750000000002	-63.01249999999999	-51.01249999999999
153	52.8	54.8	-20.200000000000003	-34.60000000000001	-6.200000000000003	51.8	-55.2	-43.2
154	48.275000000000006	46.275000000000006	21.275000000000006	-40.925	-12.724999999999994	45.275000000000006	-58.724999999999994	-48.724999999999994
155	53.625	42.625	0.625	-38.375	-8.375	47.625	-53.375	-44.375
156	61.0	0.0	2.0	-34.0	0.0	53.0	-45.0	-37.0
157	60.65714285714286	0.0	18.65714285714286	-39.34285714285714	-1.8428571428571416	53.057142857142864	-49.34285714285714	-41.84285714285714
158	62.385714285714286	0.0	18.385714285714286	-39.614285714285714	-0.6142857142857139	53.6857142857143	-50.614285714285714	-43.614285714285714
159	65.64285714285714	0.0	18.64285714285714	-39.35714285714286	-5.657142857142858	54.74285714285713	-50.35714285714286	-43.65714285714286
160	68.62857142857145	0.0	14.628571428571448	-37.37142857142855	-10.071428571428555	56.62857142857145	-49.37142857142855	-43.071428571428555
161	71.81428571428572	0.0	13.814285714285717	-33.18571428571428	-14.185714285714283	56.11428571428573	-52.18571428571428	-42.18571428571428
162	74.61428571428571	0.0	11.614285714285714	-29.385714285714286	-12.385714285714286	56.3142857142857	-54.385714285714286	-46.385714285714286
163	68.1625	52.162499999999994	6.162499999999994	-34.837500000000006	-24.837500000000006	47.162499999999994	-61.837500000000006	-52.1375
164	75.62857142857145	0.0	12.628571428571448	-27.371428571428552	-15.371428571428552	51.92857142857146	-53.37142857142855	-44.071428571428555
165	67.375	59.375	-4.625	-31.625	-22.625	39.875	-55.125	-52.625
166	67.8375	53.837500000000006	-8.162499999999994	-30.162499999999994	-23.162499999999994	37.63750000000002	-47.162499999999994	-50.662499999999994
167	68.1875	55.1875	-5.8125	-27.8125	-29.8125	35.1875	-46.3125	-48.8125
168	57.1875	59.1875	-19.8125	-22.8125	-20.8125	32.1875	-42.8125	-42.3125
169	44.9375	61.9375	-13.0625	-20.0625	-21.0625	32.4375	-47.0625	-38.0625
170	33.775000000000006	65.775	-14.224999999999994	-15.224999999999994	-19.224999999999994	34.775000000000006	-49.224999999999994	-36.425
171	23.25	58.25	-4.75	-9.75	-15.25	33.25	-50.75	-34.25
172	75.5875	57.587500000000006	-10.412499999999994	-28.412499999999994	-20.412499999999994	22.587500000000006	-55.412499999999994	-41.1125
173	82.5	59.5	-10.5	-28.5	-20.5	17.5	-57.5	-42.5
174	88.6625	60.662499999999994	-2.3375000000000057	-29.337500000000006	-23.337500000000006	10.662499999999994	-55.337500000000006	-49.6375
175	96.5875	57.587500000000006	-13.412499999999994	-28.412499999999994	-22.412499999999994	19.587500000000006	-55.412499999999994	-54.1125
176	89.875	53.875	-12.125	-28.125	-16.125	27.875	-56.125	-59.125
177	83.4375	58.4375	-10.5625	-28.5625	-17.5625	17.4375	-52.5625	-50.0625
178	77.25	53.25	-8.75	-31.75	-19.75	22.25	-50.75	-41.75
179	72.0625	60.0625	-5.9375	-32.9375	-12.4375	18.0625	-54.9375	-43.9375
180	64.1875	57.1875	-5.8125	-32.8125	-7.8125	22.1875	-48.8125	-48.3125
181	79.5	52.5	-7.5	-35.0	-12.5	20.0	-42.5	-54.5
182	81.5	52.5	-18.5	-31.5	-8.5	23.5	-44.0	-55.0
183	82.75	51.75	-9.25	-24.25	-12.25	15.75	-47.25	-57.25
184	81.9	55.900000000000006	-1.0999999999999943	-33.099999999999994	-13.099999999999994	6.900000000000006	-45.3	-52.099999999999994
185	82.3	59.3	-4.700000000000003	-31.700000000000003	-15.700000000000003	-1.7000000000000028	-42.1	-45.7
186	82.075	41.075	-7.924999999999997	-29.924999999999997	-0.9249999999999972	-4.924999999999997	-39.525	-39.925
187	78.9375	50.9375	-16.0625	-32.0625	9.9375	-12.0625	-40.8625	-38.7625
188	73.6	42.599999999999994	-8.400000000000006	-35.2	-4.400000000000006	-20.400000000000006	-9.100000000000009	-38.7
189	73.47500000000001	43.47500000000001	15.475000000000009	-34.124999999999986	2.4750000000000085	-24.52499999999999	-41.724999999999994	-34.52499999999999
190	72.8125	54.8125	14.8125	-32.587500000000006	-0.1875	-28.1875	-39.5875	-41.8875
191	93.25	21.25	5.25	-24.950000000000003	5.25	-25.75	-31.25	-43.05
192	88.73750000000001	41.73750000000001	11.737500000000011	-27.26249999999999	-0.26249999999998863	-27.46249999999999	-32.96249999999999	-54.26249999999999
193	84.05	45.05	18.049999999999997	-33.95	-11.25	-29.450000000000003	-34.85000000000001	-37.650000000000006
194	80.35000000000001	50.35000000000001	3.3500000000000085	-30.64999999999999	-20.349999999999994	-29.349999999999994	-34.749999999999986	-18.94999999999999
195	74.5375	50.537499999999994	24.537499999999994	-43.462500000000006	-32.462500000000006	-32.462500000000006	-37.7625	-3.4625000000000057
196	74.9	46.900000000000006	19.900000000000006	-37.099999999999994	-31.099999999999994	-32.099999999999994	-34.599999999999994	-6.799999999999997
197	80.9375	40.9375	20.9375	-35.0625	-18.5625	-37.0625	-36.7625	-15.362499999999997
198	89.22857142857143	0.0	-12.771428571428572	-25.771428571428572	8.228571428571428	-24.471428571428575	-24.671428571428578	-9.771428571428572
199	83.2	0.0	10.200000000000003	-27.799999999999997	3.200000000000003	-26.099999999999994	-26.89999999999999	-15.799999999999997
200	76.725	41.724999999999994	-1.2750000000000057	-29.275000000000006	-10.775000000000006	-27.275000000000006	-28.575000000000003	-21.275000000000006
201	82.21428571428571	0.0	8.214285714285708	-18.785714285714292	-13.785714285714292	-22.785714285714292	-19.285714285714292	-15.785714285714292
202	84.52857142857144	0.0	10.52857142857144	-19.47142857142856	-3.471428571428561	-29.47142857142856	-21.171428571428564	-21.47142857142856
203	86.91428571428571	0.0	47.91428571428571	-45.08571428571429	-5.085714285714289	-39.08571428571429	-22.985714285714295	-22.58571428571429
204	80.44285714285715	0.0	6.44285714285715	-28.55714285714285	0.44285714285715017	-30.55714285714285	-14.657142857142844	-13.55714285714285
205	60.57499999999999	38.57499999999999	23.57499999999999	-36.42500000000001	-9.425000000000011	-36.42500000000001	-20.72500000000001	-19.72500000000001
206	48.650000000000006	50.650000000000006	19.650000000000006	-35.349999999999994	-5.349999999999994	-43.349999999999994	-17.849999999999994	-17.049999999999997
207	39.72500000000001	49.72500000000001	18.72500000000001	-31.27499999999999	-13.274999999999991	-40.474999999999994	-11.874999999999986	-11.274999999999991
208	49.224999999999994	36.224999999999994	20.224999999999994	-24.775000000000006	-18.775000000000006	-35.275000000000006	-3.575000000000003	-23.275000000000006
209	54.48750000000001	30.48750000000001	18.48750000000001	-21.51249999999999	-11.712499999999991	-33.21249999999999	1.4875000000000114	-38.51249999999999
210	51.25	49.25	21.25	-27.75	-14.25	-40.75	-2.950000000000003	-36.05
211	72.6857142857143	0.0	47.6857142857143	-23.314285714285703	-16.014285714285705	-41.3142857142857	-6.714285714285708	-33.014285714285705
212	88.025	34.025000000000006	48.025000000000006	-43.974999999999994	-22.974999999999994	-52.574999999999996	-15.574999999999989	-34.974999999999994
213	91.75714285714285	0.0	40.75714285714285	-30.242857142857147	-12.242857142857147	-49.44285714285715	-10.042857142857144	-30.542857142857144
214	87.17500000000001	29.17500000000001	25.17500000000001	-33.82499999999999	-8.824999999999989	-53.52499999999999	-11.824999999999989	-33.52499999999999
215	86.64285714285714	24.64285714285714	9.642857142857139	-28.35714285714286	-5.357142857142861	-53.85714285714286	0.0	-33.35714285714286
216	87.84285714285716	25.842857142857156	5.842857142857156	-20.157142857142844	-11.157142857142844	-54.35714285714285	0.0	-33.85714285714285
217	89.89999999999999	30.89999999999999	0.8999999999999915	-19.10000000000001	-13.100000000000009	-55.10000000000001	0.0	-34.400000000000006
218	93.95714285714287	31.95714285714287	0.9571428571428697	-14.04285714285713	-28.04285714285713	-52.74285714285713	0.0	-32.04285714285713
219	88.12857142857142	2.1285714285714192	11.12857142857142	-11.87142857142858	-15.87142857142858	-55.27142857142858	0.0	-18.37142857142858
220	86.88571428571429	14.885714285714286	5.885714285714286	-13.114285714285714	-41.114285714285714	-53.31428571428572	0.0	-0.11428571428571388
221	90.22857142857143	28.228571428571428	3.2285714285714278	-11.771428571428572	-63.77142857142857	-48.67142857142857	0.0	2.528571428571425
222	86.48571428571428	7.48571428571428	10.48571428571428	-11.51428571428572	-38.01428571428572	-52.11428571428572	0.0	-2.8142857142857167
223	75.2	28.200000000000003	10.200000000000003	-17.799999999999997	-18.799999999999997	-62.199999999999996	0.0	-14.799999999999997
224	73.22857142857143	35.22857142857143	19.228571428571428	-17.771428571428572	-30.771428571428572	-63.871428571428574	0.0	-15.271428571428572
225	72.11428571428571	27.114285714285714	30.114285714285714	-14.885714285714286	-36.885714285714286	-63.68571428571428	0.0	-13.885714285714286
226	69.5142857142857	29.514285714285705	37.514285714285705	-13.985714285714295	-37.985714285714295	-66.08571428571429	0.0	-18.485714285714295
227	74.38333333333333	35.383333333333326	0.0	-4.616666666666674	-30.616666666666674	-59.91666666666667	0.0	-14.616666666666674
228	69.5142857142857	23.514285714285705	47.514285714285705	-12.485714285714295	-46.485714285714295	-66.58571428571429	0.0	-14.985714285714295
229	68.97142857142856	35.97142857142856	51.97142857142856	-17.02857142857144	-58.02857142857144	-69.82857142857144	0.0	-12.02857142857144
230	71.25714285714284	32.25714285714284	58.25714285714284	-13.742857142857162	-66.74285714285716	-69.24285714285716	0.0	-12.042857142857159
231	72.42857142857142	32.428571428571416	61.428571428571416	-11.571428571428584	-71.57142857142858	-69.87142857142858	0.0	-13.271428571428586
232	85.14285714285714	36.14285714285714	26.14285714285714	-6.857142857142861	-62.85714285714286	-66.85714285714286	0.0	-10.857142857142861
233	95.52857142857144	35.52857142857144	18.52857142857144	-11.47142857142856	-61.47142857142856	-65.17142857142856	0.0	-11.47142857142856
234	92.78571428571428	44.78571428571428	7.785714285714278	-3.2142857142857224	-62.21428571428572	-65.71428571428572	0.0	-14.214285714285722
235	86.74285714285716	43.74285714285716	-7.2571428571428385	-6.2571428571428385	-27.25714285714284	-69.45714285714284	0.0	-20.25714285714284
236	94.41428571428571	22.41428571428571	-11.585714285714289	3.914285714285711	-37.08571428571429	-59.485714285714295	0.0	-12.585714285714289
237	84.1	33.099999999999994	42.099999999999994	-3.9000000000000057	-64.9	-67.60000000000001	0.0	-22.900000000000006
238	81.19999999999999	53.19999999999999	33.19999999999999	-11.800000000000011	-56.80000000000001	-68.20000000000002	0.0	-30.80000000000001
239	76.15714285714287	45.15714285714287	45.15714285714287	-10.842857142857127	-45.84285714285713	-69.94285714285712	0.0	-39.84285714285713
240	72.41428571428571	37.41428571428571	31.41428571428571	-9.585714285714289	-42.58571428571429	-71.4857142857143	0.0	-17.58571428571429
241	77.54285714285714	51.542857142857144	-11.457142857142856	-9.957142857142856	-30.457142857142856	-64.05714285714285	0.0	-13.157142857142858
242	69.38571428571427	45.38571428571427	37.38571428571427	-23.614285714285728	-36.61428571428573	-70.01428571428573	0.0	-21.914285714285725
243	70.87142857142857	20.871428571428567	33.87142857142857	-5.128571428571433	-33.12857142857143	-66.22857142857143	0.0	-21.128571428571433
244	65.5	59.5	21.5	-8.5	-39.5	-71.3	0.0	-27.200000000000003
245	63.985714285714295	54.985714285714295	28.985714285714295	-6.014285714285705	-42.014285714285705	-71.6142857142857	0.0	-28.314285714285703
246	62.042857142857144	50.042857142857144	48.042857142857144	-12.957142857142856	-42.957142857142856	-73.25714285714285	0.0	-30.957142857142856
247	68.85714285714286	50.85714285714286	26.85714285714286	-20.14285714285714	-35.14285714285714	-66.14285714285714	0.0	-25.14285714285714
248	66.1142857142857	43.1142857142857	40.1142857142857	-17.8857142857143	-33.8857142857143	-68.6857142857143	0.0	-28.8857142857143
249	65.21428571428572	39.21428571428572	46.21428571428572	-12.785714285714278	-33.78571428571428	-68.28571428571428	0.0	-35.78571428571428
250	62.17142857142858	55.17142857142858	47.17142857142858	-10.828571428571422	-36.82857142857142	-71.02857142857142	0.0	-45.82857142857142
251	63.24285714285716	47.24285714285716	39.24285714285716	-5.7571428571428385	-34.75714285714284	-69.75714285714284	0.0	-39.45714285714284
252	63.85714285714286	48.85714285714286	20.85714285714286	-1.1428571428571388	-32.14285714285714	-67.84285714285714	0.0	-32.442857142857136
253	64.07142857142858	43.071428571428584	17.071428571428584	1.0714285714285836	-30.928571428571416	-67.42857142857142	0.0	-26.928571428571416
254	57.81428571428572	54.81428571428572	32.81428571428572	-3.1857142857142833	-36.18571428571428	-73.38571428571429	0.0	-32.68571428571428
255	59.27142857142857	53.27142857142857	29.271428571428572	-3.7285714285714278	-35.72857142857143	-71.62857142857143	0.0	-30.728571428571428
256	58.67142857142858	50.67142857142858	23.671428571428578	3.671428571428578	-35.32857142857142	-71.02857142857142	0.0	-30.328571428571422
257	55.69999999999999	52.69999999999999	38.69999999999999	-1.8000000000000114	-38.30000000000001	-73.70000000000002	0.0	-33.30000000000001
258	58.27142857142857	45.27142857142857	35.27142857142857	-1.7285714285714278	-35.22857142857143	-70.82857142857142	0.0	-31.028571428571425
259	58.80000000000001	40.80000000000001	32.80000000000001	-0.19999999999998863	-33.19999999999999	-69.1	0.0	-29.89999999999999
260	59.28571428571428	46.28571428571428	27.285714285714278	-1.7142857142857224	-33.11428571428573	-68.31428571428572	0.0	-29.714285714285722
261	60.014285714285705	46.014285714285705	22.014285714285705	1.0142857142857054	-32.78571428571429	-67.28571428571429	0.0	-28.985714285714295
262	61.042857142857144	42.042857142857144	18.042857142857144	2.0428571428571445	-31.15714285714286	-65.05714285714285	0.0	-26.957142857142856
263	58.37142857142857	33.37142857142857	42.37142857142857	-3.6285714285714334	-34.22857142857143	-67.42857142857143	0.0	-28.828571428571436
264	61.485714285714295	37.485714285714295	28.485714285714295	-7.014285714285705	-31.514285714285705	-64.1142857142857	0.0	-24.814285714285703
265	61.17142857142855	43.17142857142855	30.17142857142855	-13.82857142857145	-32.228571428571456	-64.12857142857145	0.0	-24.32857142857145
266	57.928571428571416	66.92857142857142	5.928571428571416	-4.071428571428584	-34.87142857142858	-66.07142857142858	0.0	-25.771428571428586
267	61.400000000000006	36.400000000000006	17.400000000000006	0.4000000000000057	-31.799999999999997	-62.39999999999999	0.0	-21.39999999999999
268	50.44285714285712	91.44285714285712	14.442857142857122	-8.557142857142878	-43.15714285714287	-73.05714285714288	0.0	-31.55714285714288
269	47.55714285714288	97.55714285714288	20.55714285714288	-9.442857142857122	-45.44285714285712	-75.44285714285712	0.0	-35.34285714285713
270	47.72857142857143	88.72857142857143	28.728571428571428	-8.271428571428572	-44.27142857142857	-75.67142857142858	0.0	-36.971428571428575
271	46.071428571428584	91.07142857142858	35.071428571428584	-8.928571428571416	-44.928571428571416	-77.82857142857142	0.0	-40.52857142857141
272	51.82857142857142	93.82857142857142	3.828571428571422	-2.171428571428578	-38.17142857142858	-72.47142857142858	0.0	-36.67142857142858
273	47.24285714285716	84.24285714285716	35.24285714285716	-7.2571428571428385	-40.75714285714284	-76.55714285714284	0.0	-42.157142857142844
274	46.20000000000002	97.20000000000002	32.20000000000002	-9.799999999999983	-42.79999999999998	-77.99999999999999	0.0	-44.999999999999986
275	45.97142857142856	93.97142857142856	30.97142857142856	-5.028571428571439	-42.02857142857144	-77.72857142857144	0.0	-46.12857142857143
276	46.014285714285705	92.0142857142857	30.014285714285705	-3.9857142857142946	-39.985714285714295	-77.08571428571429	0.0	-46.985714285714295
277	46.5	89.5	27.5	-2.5	-37.5	-76.1	0.0	-47.400000000000006
278	40.24285714285716	88.24285714285716	26.24285714285716	2.2428571428571615	-34.75714285714284	-74.75714285714284	0.0	-47.45714285714284
279	33.44285714285715	86.44285714285715	24.44285714285715	8.44285714285715	-32.55714285714285	-73.05714285714285	0.0	-47.157142857142844
280	29.485714285714295	87.4857142857143	13.485714285714295	12.485714285714295	-28.514285714285705	-69.41428571428571	0.0	-45.014285714285705
281	37.400000000000006	81.4	21.400000000000006	11.400000000000006	-30.599999999999994	-72.0	0.0	-49.0
282	45.428571428571416	76.42857142857142	30.428571428571416	7.428571428571416	-32.571428571428584	-74.37142857142858	0.0	-52.77142857142859
283	53.485714285714295	70.4857142857143	38.485714285714295	5.485714285714295	-34.514285714285705	-76.8142857142857	0.0	-56.6142857142857
284	59.25714285714284	72.25714285714284	10.257142857142838	11.257142857142838	-28.74285714285716	-71.54285714285716	0.0	-52.74285714285716
285	58.70000000000002	68.70000000000002	19.700000000000017	9.700000000000017	-29.299999999999983	-72.49999999999999	0.0	-54.999999999999986
286	58.31428571428572	64.31428571428572	29.314285714285717	8.314285714285717	-29.685714285714283	-73.38571428571429	0.0	-57.18571428571428
287	57.75714285714287	60.75714285714287	41.75714285714287	4.757142857142867	-31.242857142857133	-74.34285714285713	0.0	-59.442857142857136
288	58.37142857142857	57.37142857142857	47.37142857142857	3.3714285714285666	-31.628571428571433	-74.22857142857143	0.0	-60.62857142857143
289	61.957142857142856	57.957142857142856	31.957142857142856	7.9571428571428555	-30.042857142857144	-71.04285714285714	0.0	-58.74285714285715
290	64.57142857142858	54.571428571428584	30.571428571428584	9.571428571428584	-28.428571428571416	-70.92857142857142	0.0	-59.928571428571416
291	61.82500000000002	52.82500000000002	24.825000000000017	6.825000000000017	-35.67499999999998	-75.07499999999999	29.825000000000017	-65.37499999999999
292	64.42500000000001	55.42500000000001	24.42500000000001	8.425000000000011	-38.57499999999999	-74.975	27.42500000000001	-66.57499999999999
293	63.32499999999999	53.32499999999999	23.32499999999999	7.324999999999989	-36.67500000000001	-74.47500000000001	29.82499999999999	-65.97500000000001
294	63.125	42.125	23.125	10.125	-33.875	-73.175	33.125	-64.575
295	60.650000000000006	61.650000000000006	9.650000000000006	7.650000000000006	-33.349999999999994	-74.05	33.150000000000006	-65.35
296	56.150000000000006	62.150000000000006	31.150000000000006	4.150000000000006	-35.849999999999994	-78.05	30.150000000000006	-69.85
297	56.94999999999999	52.44999999999999	27.94999999999999	8.949999999999989	-32.55000000000001	-75.65	29.94999999999999	-68.05000000000001
298	57.80000000000001	42.80000000000001	23.80000000000001	14.800000000000011	-29.19999999999999	-73.29999999999998	29.80000000000001	-66.49999999999999
299	56.474999999999994	44.474999999999994	22.474999999999994	15.474999999999994	-27.525000000000006	-73.125	28.974999999999994	-67.22500000000001
300	64.625	48.625	-3.375	19.625	-24.375	-70.375	30.625	-65.375
301	54.73750000000001	36.73750000000001	22.73750000000001	18.73750000000001	-25.26249999999999	-70.76249999999999	29.037500000000023	-65.96249999999999
302	63.375	46.375	17.375	13.375	-26.125	-72.525	26.07499999999999	-67.925
303	55.42500000000001	48.42500000000001	14.425000000000011	16.42500000000001	-23.57499999999999	-70.975	26.42500000000001	-66.57499999999999
304	64.75	37.75	10.75	18.75	-23.75	-71.05	29.75	-66.95
305	59.19999999999999	46.19999999999999	18.19999999999999	17.19999999999999	-26.80000000000001	-74.10000000000001	30.19999999999999	-70.10000000000001
306	60.587500000000006	53.087500000000006	19.587500000000006	15.587500000000006	-28.412499999999994	-75.1125	26.087500000000006	-71.4125
307	61.9375	59.9375	19.9375	11.9375	-30.0625	-76.2625	21.9375	-69.3625
308	57.875	58.875	20.875	13.875	-30.125	-77.725	24.17500000000001	-67.825
309	54.92500000000001	46.92500000000001	22.92500000000001	15.925000000000011	-28.07499999999999	-77.17499999999998	28.625	-64.07499999999999
310	61.6875	50.6875	24.6875	15.6875	-40.3125	-77.8125	31.6875	-66.3125
311	62.69999999999999	48.69999999999999	25.69999999999999	15.699999999999989	-37.60000000000001	-78.30000000000001	31.399999999999977	-68.30000000000001
312	58.912499999999994	53.912499999999994	26.912499999999994	13.912499999999994	-35.78750000000001	-79.48750000000001	30.212500000000006	-68.5875
313	59.86250000000001	54.86250000000001	26.86250000000001	13.862500000000011	-34.13749999999999	-81.0375	28.86250000000001	-69.13749999999999
314	68.26249999999999	51.26249999999999	-4.737500000000011	19.26249999999999	-28.73750000000001	-76.13750000000002	34.26249999999999	-63.437500000000014
315	61.349999999999994	58.349999999999994	-4.650000000000006	19.349999999999994	-28.650000000000006	-76.45	33.650000000000006	-62.95
316	65.19999999999999	59.19999999999999	-5.800000000000011	19.19999999999999	-27.80000000000001	-78.10000000000001	31.899999999999977	-63.80000000000001
317	69.4625	61.462500000000006	-0.5374999999999943	14.462500000000006	-29.537499999999994	-80.2375	29.462500000000006	-64.5375
318	68.61250000000001	64.61250000000001	-0.38749999999998863	13.612500000000011	-31.08749999999999	-81.58749999999999	30.61250000000001	-64.38749999999999
319	66.61250000000001	64.61250000000001	0.6125000000000114	12.612500000000011	-31.687499999999986	-81.98749999999998	32.61250000000001	-63.38749999999999
320	65.32499999999999	52.32499999999999	12.324999999999989	9.324999999999989	-31.67500000000001	-81.775	35.32499999999999	-61.17500000000001
321	64.5625	47.5625	1.5625	14.5625	-30.4375	-79.9375	39.5625	-57.4375
322	65.25	46.25	7.25	14.25	-29.75	-79.75	32.55000000000001	-56.05
323	60.287499999999994	59.287499999999994	16.287499999999994	9.287499999999994	-32.712500000000006	-80.0125	23.987499999999983	-56.41250000000001
324	61.82499999999999	56.82499999999999	13.824999999999989	10.824999999999989	-32.17500000000001	-76.775	18.82499999999999	-53.17500000000001
325	76.375	15.375	10.375	18.375	-27.924999999999997	-71.625	28.375	-49.325
326	74.38125	23.631249999999994	6.381249999999994	19.381249999999994	-30.31875000000001	-72.91875	31.381249999999994	-51.91875
327	73.075	34.075	-2.924999999999997	22.075000000000003	-30.924999999999997	-72.525	30.075000000000003	-52.925
328	71.7375	42.7375	-6.262500000000003	21.737499999999997	-32.2625	-73.1625	27.737499999999997	-52.2625
329	69.1625	51.162499999999994	-4.837500000000006	20.162499999999994	-34.837500000000006	-74.1375	25.162499999999994	-51.837500000000006
330	70.075	46.075	-0.9249999999999972	20.075000000000003	-34.925	-72.525	21.075000000000003	-48.925
331	69.575	43.575	1.5750000000000028	19.575000000000003	-33.425	-71.32499999999999	16.575000000000003	-46.125
332	71.5375	53.537499999999994	-9.462500000000006	19.537499999999994	-31.962500000000006	-70.7625	11.537499999999994	-43.962500000000006
333	73.72500000000001	46.72500000000001	-11.274999999999991	21.72500000000001	-29.27499999999999	-68.875	7.7250000000000085	-40.474999999999994
334	72.48750000000001	51.48750000000001	-0.5124999999999886	20.48750000000001	-30.51249999999999	-70.4125	-2.5124999999999886	-40.51249999999999
335	79.11250000000001	48.11250000000001	4.112500000000011	19.11250000000001	-32.88749999999999	-71.08749999999999	-3.8874999999999886	-42.58749999999999
336	80.9875	52.9875	-14.012500000000003	22.987499999999997	-29.012500000000003	-65.61250000000001	-10.012500000000003	-38.3125
337	79.3	53.3	-12.700000000000003	25.299999999999997	-27.200000000000003	-62.6	-18.700000000000003	-36.7
338	84.98750000000001	54.98750000000001	-13.012499999999989	25.98750000000001	-27.01249999999999	-61.21249999999999	-29.01249999999999	-35.71249999999999
339	88.0	61.0	-13.0	30.0	-22.599999999999994	-56.6	-55.5	-31.299999999999997
340	90.5125	59.5125	-2.487499999999997	33.5125	-18.6875	-52.387499999999996	-82.4875	-27.487499999999997
341	87.41250000000001	58.41250000000001	0.4125000000000085	26.41250000000001	-21.487499999999997	-54.787499999999994	-66.2875	-30.08749999999999
342	82.0375	56.037499999999994	7.037499999999994	24.037499999999994	-25.462500000000006	-58.462500000000006	-51.2625	-33.962500000000006
343	81.1875	56.1875	-15.8125	26.1875	-24.912499999999994	-57.712500000000006	-31.8125	-33.3125
344	80.45000000000002	56.45000000000002	-20.549999999999983	28.450000000000017	-24.249999999999986	-56.749999999999986	-31.249999999999986	-32.54999999999998
345	80.43749999999999	53.437499999999986	-25.562500000000014	30.437499999999986	-22.96250000000002	-55.062500000000014	-29.86250000000001	-30.86250000000001
346	80.575	43.575	-23.424999999999997	31.575000000000003	-21.424999999999997	-53.325	-28.424999999999997	-29.125
347	79.2125	51.212500000000006	-23.787499999999994	30.212500000000006	-21.58749999999999	-53.9875	-31.487499999999997	-29.787499999999994
348	78.1125	50.1125	-24.887500000000003	31.112499999999997	-20.487499999999997	-53.3875	-33.1875	-27.387500000000003
349	75.77499999999999	47.77499999999999	-17.22500000000001	30.77499999999999	-20.625000000000014	-54.025000000000006	-36.22500000000001	-26.22500000000001
350	73.80000000000001	43.80000000000001	-10.199999999999989	30.80000000000001	-20.39999999999999	-54.39999999999999	-36.499999999999986	-26.89999999999999
351	72.4375	46.4375	-10.5625	28.4375	-19.5625	-54.0625	-36.2625	-26.862499999999997
352	73.725	35.724999999999994	-8.275000000000006	28.724999999999994	-16.075000000000003	-56.275000000000006	-33.275000000000006	-24.275000000000006
353	74.16250000000001	37.16250000000001	-7.8374999999999915	27.16250000000001	-14.437499999999986	-55.83749999999999	-36.83749999999999	-23.537499999999994
354	72.71249999999999	35.71249999999999	-8.287500000000009	27.71249999999999	-13.687500000000014	-49.28750000000001	-41.28750000000001	-23.587500000000006
355	71.8375	38.837500000000006	-8.162499999999994	26.837500000000006	-12.362499999999997	-50.162499999999994	-43.662499999999994	-23.162499999999994
356	74.75	44.75	-9.25	24.75	-12.25	-52.25	-47.25	-23.25
357	75.2125	50.212500000000006	-9.787499999999994	23.212500000000006	-14.787499999999994	-52.787499999999994	-48.4875	-22.787499999999994
358	74.6	55.599999999999994	-10.400000000000006	22.099999999999994	-17.400000000000006	-52.400000000000006	-49.7	-22.400000000000006
359	66.25	69.25	-10.75	21.25	-21.75	-53.25	-50.75	-20.25
360	75.0	61.0	-10.0	21.5	-25.0	-53.0	-52.5	-17.0
361	78.6875	53.6875	-8.3125	22.6875	-27.3125	-53.3125	-53.3125	-12.8125
362	52.36250000000001	49.36250000000001	-3.6374999999999886	24.662500000000023	-26.63749999999999	-40.63749999999999	-49.83749999999999	-5.637499999999989
363	82.925	43.925	-5.075000000000003	20.424999999999997	-32.075	-51.075	-52.575	-6.4750000000000085
